Energy Grid,Fitness_1,Fitness_2,N_Groups
"[50, 68, 78, 80, 84, 95, 100, 114, 118, 119, 129, 132, 133, 139, 141, 150, 157, 157, 174, 178, 182, 189, 190, 195, 196, 197, 205, 208, 212, 217, 218, 223]",0.000206898282959056,0.0001472250960635746,31.0
"[1, 40, 40, 51, 78, 78, 79, 79, 84, 99, 99, 124, 129, 146, 146, 153, 166, 175, 175, 184, 184, 185, 186, 189, 189, 193, 207, 207, 207, 209, 214, 214]",0.008706649864208105,0.0022643981931410595,21.0
"[50, 71, 79, 79, 84, 91, 98, 102, 128, 128, 128, 129, 134, 136, 143, 148, 172, 172, 182, 182, 189, 193, 193, 195, 198, 207, 207, 207, 207, 218, 218, 218]",0.001990793764608756,0.0029428497241030804,21.0
"[38, 43, 62, 62, 62, 85, 98, 108, 129, 129, 133, 133, 133, 151, 151, 160, 170, 177, 188, 188, 189, 189, 193, 199, 199, 207, 214, 214, 214, 218, 218, 219]",0.002592924559587595,0.003963809182669253,20.0
"[25, 71, 79, 80, 84, 91, 98, 103, 128, 128, 128, 129, 129, 134, 142, 150, 172, 172, 177, 189, 189, 189, 194, 198, 198, 207, 207, 207, 207, 218, 218, 218]",0.0023219900275899263,0.004243898849964012,20.0
